,replyToText
13,"Se n‚Äô√® andato uno degli ultimi testimoni dello sterminio ebreo ad opera dei nazisti

Un uomo che ha raccontato l‚Äôorrore di Auschwitz ai giovani

Una persona della quale ho apprezzato doti di umanit√† e intelligenza

Sono vicina alla famiglia di #PietroTerracina e alla comunit√† ebraica"
98,Condannato a 13 anni perch√© ha ucciso i rapinatori che hanno minacciato sua moglie. Non esiste nessun eccesso di #legittimadifesa! Difendersi da un‚Äôaggressione √® un diritto! Vergogna! Giustizia per Guido Gianni
231,"Se questa √® ""giustizia""...
La difesa √® sempre legittima!"
299,"Ora a Quarta Repubblica, seguitemi se potete. Una buona serata a tutti voi!"
461,C‚Äô√® chi esulta per il primo bimbo con due madri biologiche. Nessuno si chiede se a quel bimbo mancher√† un padre. Quando la finiremo di giocare a fare Dio?
501,"Finalmente sono riuscita a fare il Presepe, fatelo anche voi!

 #Natale #LeNostreTradizioni"
586,"Conte prova a difendere il suo indifendibile appoggio al Mes, e rimane sbalordito di fronte a chi invece difende gli italiani. Una a caso, Giorgia Meloni 

#StopMes"
635,"Mi √® arrivata la denuncia di Carola Rackete per ‚Äúistigazione a delinquere e diffamazione‚Äù..!!ü§£
Per addolcire la giornata, una fetta di pane e Nutella con una richiesta alla Ferrero: comprate ingredienti italiani, dallo zucchero alle nocciole, per aiutare i nostri agricoltori!
P.S. Domani Lega in oltre 1.200 piazze italiane, vi aspettiamo: #stopmes"
683,"Attraverso piazza del Duomo per andare ad un appuntamento e guardate cosa trovo...ü§¶üèª‚Äç‚ôÄÔ∏è
Voi cosa ne pensate?"
991,"Evviva, sono riuscita a fare L‚Äô albero di Natale con il grande aiuto di Dimitri #amore #natale"
1362,"üî¥In diretta dal Senato, la mia risposta al nervoso ex avvocato degli Italiani #stopMES.
Decine di assenze fra i 5Stelle (oltre 30) e a sinistra (oltre 20) mentre parla Conte. Neanche la sua maggioranza lo ascolta.."
1722,"Per carit√†, satira e ironia sono il sale della vita, ma perch√© tirare in ballo la Madonna???"
1747,"üî¥ ECCO IL VIDEO
A Padova completamente ubriachi rubano un‚Äôauto con un bimbo di 8 anni a bordo, il pap√† si aggrappa alla portiera per fermarli e si schiantano. Poteva essere una tragedia.
Ai Carabinieri che li arrestano hanno il coraggio di gridare: ‚ÄúCoglioni!‚Äù. Quanto rispetto, che bella ‚Äúintegrazione‚Äù...
Spero che qualche giudice dia a questi criminali la pena che meritano."
1775,"La battaglia per l'ambiente e per ridurre gli sprechi passa anche dai nostri piccoli gesti quotidiani. Io per esempio ho comprato una bella borraccia, cos√¨ da ridurre l'uso di bottigliette di plastica."
1850,"Il Sindaco di Massa √® stato aggredito a Firenze mentre si stava recando ad una cena elettorale. Nessuno si √® indignato. Insieme a lui, sono state aggredite anche sua moglie, la figlia e l'assessore Veronica Ravagli. Nessuna femminista ha alzato la voce. Come mai? La violenza contro i leghisti √® stata legittimata? Due pesi e due misure?"
1898,"Faccio appello al presidente dell'INPS, Pasquale Tridico. 
A Marina di Massa, nel 2013, Marco Lojola uccise l'ex moglie, fer√¨ gravemente un uomo e si uccise. Quel terribile femminicidio risparmi√≤ due vittime, le pi√π fragili: le figlie della coppia. Oggi l'INPS chiede alle due ragazzine 124mila euro per pagare l'indennit√† di malattia e l'assegno di invalidit√† all'uomo ferito dalla furia omicida del padre. 
Un atto legittimo ma contrario a ogni  buonsenso. Come Stato abbiamo il dovere di proteggere le vittime di femminicidio, non di vessarle. L'INPS rinunci al recupero coattivo di quelle somme, troviamo una soluzione a questo crudele paradosso. Quelle due giovanissime donne hanno gi√† pagato un prezzo altissimo."
1971,"400 MILA euro per celebrare il centenario del Partito Comunista, ma secondo voi √® normale?!?"
2075,"üî¥Stop Mes: replica al premier Conte.
Seguitemi in diretta dalla Camera dei Deputati."
2109,"Quando una certa parte della sinistra non ha fiducia nella democrazia, ricorre all‚Äôodio e alla violenza fisica.
Purtroppo √® una storia gi√† vista ed √® richiesta la massima vigilanza da parte di tutti.
Questo non √® dibattito di idee, anche acceso: questo √® NAZISMO ROSSO.
Ancora solidariet√† al nostro sindaco, all‚Äôassessore e ai loro famigliari vigliaccamente aggrediti (non solo a sputi) ieri sera a Firenze. Noi andiamo avanti a testa alta, armati di sorriso e di fiducia nei nostri progetti di Buongoverno per l‚ÄôEmilia-Romagna, la Toscana e per tutta Italia.
Non si molla, per il bene del nostro Paese e dei nostri figli üáÆüáπ
Ci state, Amici?"
13859,"Che bellezza, Siena!"
13871,"Sardine nere, bandiere rosse, diritti e documenti per tutti, stop ai Decreti Salvini. Se ne sentiva la mancanza..."
13888,"Se ne sentiva la mancanza, effettivamente! Sono arrivate le ‚Äúsardine nere‚Äù: vogliono i documenti e l‚Äôabolizione dei Decreti Salvini ü§î"
13912,"Ma dove sono finite le femministe? Scomparse. Un po' di sana difesa delle donne non guasterebbe qua. O le donne sono solo quelle di sinistra? Se una donna si dichiara sovranista o leghista perde lo status di femmina? Dal silenzio pare proprio cos√¨. PS: Lucio Salis, il signore nella foto, dovrebbe essere un comico. Solo che non fa ridere."
13985,"Niente, non ce la fanno proprio. Gli estremisti rossi, i finti rivoluzionari, figli di pap√†, continuano a fare blasfemia contro la Vergine. Guarda caso, per√≤, nei confronti dell'Islam queste orribili blasfemie non si sono mai arrischiate a farle questi signorini allergici a qualsiasi forma di rispetto. Cari miei, credetemi. Dovreste ringraziare ogni giorno di vivere in un paese con radici cristiane."
14015,"Guardate che schifezza. Ecco cosa sono capaci di produrre i collettivi di estrema sinistra a Bologna. Scopro su Facebook che hanno organizzato un party blasfemo contro la Vergine denominato ""Immacolata Contraccezione"". Offensivo per tutti i cattolici del nostro paese e non solo. Il tutto per attaccare me, Salvini e Fontana. Quanto sono tristi. Che peccato vedere gente senza ideali, che porta avanti solo cattiveria, provocazioni, insulti e blasfemie disgustose. E meno male che sarebbero loro i combattenti contro l'odio. Guardatevi allo specchio, ragazzi."
14261,"Sono arrivati perfino a questo. Primo nato in Europa per ""gravidanza condivisa"" da parte di una coppia di donne in Gran Bretagna. Concepito con un ovulo della moglie Donna, prima di essere impiantato nell'utero di Jasmine, l'embrione √® stato incubato per 18 ore nel corpo di Donna. Dove arriveremo di questo passo? Chiamatelo come volete, ma questo non √® progresso. La vita umana √® sacra. I bambini non sono cavie. E hanno il diritto di crescere con la mamma e il pap√†."
14330,"Avevamo chiesto un fondo per sostenere le giovani famiglie, quei giovani eroi che ancora hanno il coraggio di sposarsi e di mettere al mondo figli in una societ√† che √® ferocemente contraria alla vita e alla famiglia. Ci √® stato detto di no. Avevamo chiesto un fondo per la natalit√†. Ci √® stato detto di no. Avevamo chiesto ausili per evitare che i figli siano tolti dalle famiglie per ragioni economiche, perch√© non si ripetano pi√π orrori come quelli successi a Bibbiano. Ci √® stato detto di no. E avete detto no anche all'installazione di telecamere nel momento in cui vengono ascoltati i minori. E in questo modo avete difeso il sistema. Complimenti."
14380,"Un abbraccio, Valentina. Se questo √® il tuo unico ‚Äúdesiderio‚Äù temo che Babbo Natale non ti accontenter√†üòä"
14396,"Il 75% degli italiani ha perso la fiducia negli altri. Questo √® il dato centrale dell'ultimo rapporto Censis. La voglia di un uomo forte al potere solo una conseguenza, frutto dell'immobilit√† politica degli ultimi anni. Ma la soluzione alla sfiducia nelle istituzioni e alla deriva autoritaria esiste: basta con slogan e propaganda. Ricominciamo davvero a fare politica, a prendere posizione e a dare soluzioni. Chi governa deve smettere di fare vaghe promesse e iniziare a realizzare riforme per dare respiro ai cittadini e rilanciare il Paese. Noi ci stiamo provando: abbiamo detto dall'inizio di essere contro nuove tasse e ci siamo opposti all'aumento dell'IVA, a plastic tax, sugar tax, alla tassa sulle auto aziendali. Un passo alla volta, lavoriamo per riconquistare la fiducia dei cittadini."
14530,"Con il governo PD-5Stelle dei porti aperti gli sbarchi sono pi√π che raddoppiati, alla faccia della ""simpatica"" giornalista che non riesce ad ammetterlo, nemmeno di fronte ai dati ufficiali del Viminale!üòâ 
Scommessa vinta, attendo il caff√®! ‚òï"
14593,"‚ÄºÔ∏è ‚ÄúSimpatico‚Äù pesciolone-sandwich che oggi sull‚ÄôAppennino reggiano mi ha invitato a buttarmi dalla Pietra di Bismantova (famosa, mi hanno detto, per i suicidi) con questo amorevole messaggio, direi quasi natalizio: ‚ÄúTi offriamo un volo gratis, vediamo se sei uno STRONZO che sa volare o sai solo galleggiare‚Äù.
Ah, la democrazia, quella bella...!
Al loro odio risponderemo con il sorriso e la forza delle idee, e risponderanno i cittadini emiliani e romagnoli il 26 gennaio.
Buonanotte Amici, non si molla, e so che ci siete sempre! ‚ù§Ô∏è"
14651,"‚ÄúNon piangerei se morisse Salvini‚Äù. Se questo √® un prete... Una preghiera per lui, ne ha bisogno."
14676,"E anche la treccia l'abbiamo fatta! 
üòäüòä"
14711,"üî¥Reddito di cittadinanza sempre pi√π vergognoso. 
Non contenti di distribuire i soldi degli italiani perbene a spacciatori, nomadi, ex brigatisti, criminali vari e lavoratori in nero, adesso rendono ancora pi√π facile, a pi√π di 3 milioni di stranieri extra Ue presenti in Italia, richiedere il reddito di cittadinanza. Ora basta! Aboliamo questa misura assurda e aiutiamo solo i veri bisognosi."
14730,"Ah beh, allora siamo a posto...! Complimenti a Pd e 5 Stelle per la scelta di Gentiloni come rappresentante dell‚ÄôItalia in Europa, al prossimo giro canteranno anche Bandiera Rossa, poi Sanremo e tourn√©e internazionale! üôè"
14763,"Sono stata avvisata del Consiglio dei Ministri ieri sera mezz‚Äôora prima dell‚Äôinizio, mentre ero in viaggio e nonostante fossi rimasta a Roma fino all‚Äôultimo, disdicendo anche una iniziativa programmata in Puglia in serata. All‚Äôordine del giorno c‚Äôera un provvedimento delicatissimo, che riguardava il salvataggio della Banca Popolare di Bari, su cui peraltro nel pomeriggio avevo letto dichiarazioni che non lasciavano presagire una particolare ed urgente necessit√† per il governo di intervenire. Nel metodo c‚Äô√® quindi un problema: non si pu√≤ convocare un Consiglio dei Ministri per approvare un provvedimento non concordato in qualche modo, prima che peraltro fosse uscita la notizia che la Banca d‚ÄôItalia aveva commissariato l‚ÄôIstituto, cosa della quale nessuno ci aveva informato: le banche e i relativi risparmi per Italia Viva vanno salvati, ma non senza accertare le responsabilit√† che hanno portato gli istituti a quella situazione. Nel merito, trovo paradossale aver fatto e non aver purtroppo vinto (per ora...) una battaglia per togliere una tassa insulsa come √® quella della sugar tax, la tassa sulla dolcezza, che a regime vale 200 milioni all‚Äôanno, ed improvvisamente si trova un miliardo per salvare un istituto di credito. So bene che i due importi non sono tecnicamente la stessa cosa, ma so altrettanto che parliamo comunque di denari pubblici, di tutti noi, e che un minimo di riflessione in pi√π in queste circostanze non guasta. Quanto meno si informano i partner di governo e si concorda un provvedimento.
No, non ci sto alle cose che leggo stamani su alcuni giornali. No, Italia Viva non √® diventata irresponsabile: siamo pronti a salvare gli istituti di credito insieme ai risparmiatori e ai posti di lavoro, ma non senza avere accertato le responsabilit√† che li hanno portati a quella situazione e non senza aver condiviso una strategia complessiva, che eviti misure tampone ed emergenziali. E no, Italia Viva non ha trovato l‚Äôennesima scusa per creare problemi al governo e fare notizia: se siamo in una coalizione ci si tiene informati, ci si aggiorna sull‚Äôevoluzione delle situazioni, specie di quelle di emergenza, si concordano un minimo di provvedimenti, non si convocano i ministri per un Consiglio last minute e con urgenza dopo che nel pomeriggio si erano lette dichiarazioni di tutt‚Äôaltro segno. 
Italia Viva c‚Äô√®. Ma non a occhi bendati."
14829,"Commissari europei intonano ""Bella Ciao"". Solo io reputo scandaloso questo ridicolo teatrino da parte delle pi√π alte istituzioni europee? 
Non hanno nulla di pi√π importante di cui occuparsi?

Video di: Gardenia Trezzini"
15379,"Per Matteo Renzi, altra occasione persa per tacere."
15400,"Scandaloso! L‚ÄôItalia esclusa dal vertice europeo sulla Libia. Regno Unito, Francia, Germania e Turchia si sono visti a margine del vertice Nato per parlare della situazione libica, ma l'Italia non √® stata invitata. 
¬´l'Italia √® il primo Stato interessato direttamente a quello che avviene sul campo in Libia, ma da mesi siamo politicamente inattivi¬ª, questo il desolante parere, riportato dalla stampa, di fonti della Farnesina. Queste sono purtroppo le conseguenze che si pagano quando si ha un Governo che non si preoccupa di difendere l‚Äôinteresse nazionale ma solo le proprie poltrone. Prima cade il Governo PD - M5S e meglio √® per l‚ÄôItalia."
15415,"Avete seguito prima su Rete 4 da Barbara Palombelli? Credo di essere stato abbastanza chiaro. Se avete voglia, vi ripropongo il mio intervento! Buona serata Amici, non si molla di un millimetro!"
15432,"Grazie al Partito Democratico in tutti questi anni ho appreso di essere il ""genitore 2"" di tre ""prodotti del concepimento"" della mia ""rete formale e informale della persona"". Ma, ovviamente, il gender e i progetti di decostruzione della famiglia non esistono. Posso dire una cosa agli amici del PD? Ma vedete di andare a compiere attivit√† ludico-ricreative da tergo!"
15441,"Leggo che la scuola di Zerman rinuncia al presepe. Ogni anno √® sempre la stessa storia. La decisione √® stata presa ""nell'ambito di un progetto di inclusione sociale vergo gli alunni stranieri di fede diversa"". Vogliono cancellare le nostre tradizioni, vogliono cancellare le nostre radici. Con la scusa del multiculturalismo (modello fallimentare), sono pronti a cestinare la nostra storia. No cari miei, io non rinuncio a tutto questo. Gi√π le mani dal presepe."
15485,"üî¥ Giorgia Meloni smaschera Conte e i 5 Stelle sul MES, assolutamente da ascoltare! #StopMES"
15549,"Ecco la verit√† sul questionario gender per i ragazzi di terza media, che avevo denunciato gi√† un anno fa. Alla fine lo hanno cambiato. Aveva ragione ""l'oscurantista e medievale"" Pillon? Pare proprio di si. Vittoria ‚úåüèª"
15647,"Nel 2015 Massimo D‚ÄôAlema spiegava, in poco pi√π di un minuto, la distorsione di un sistema con una moneta unica ma con diversi tassi di interesse sul debito pubblico dei singoli Stati e la truffa del Fondo salva Stati. Un meccanismo che ora vorrebbero ulteriormente modellare in base alle esigenze delle banche tedesche. Da ascoltare, cos√¨ magari capiscono pure quelli del PD..."
15718,"üî¥ CATANIA, INSULTI E MINACCE AI RAGAZZI DELLA LEGA
E poi saremmo noi a spargere odio...
Solidariet√† ai ragazzi, che hanno reagito in maniera esemplare: con leggerezza e senza rancore."
15730,"Famiglia. In una parola le nostre radici, la nostra casa, il nostro futuro. Il Pd vuole cancellare questa parola, Fratelli d'Italia lotter√† con sempre pi√π forza per difenderla da ogni becero o cieco attacco!"
15740,"ROBA DA MATTI! 
Immigrati irregolari aggrediscono le nostre Forze dell'Ordine al grido di ""subito documenti per tutti"".
Ma per la sinistra la priorit√† dell'Italia √® abolire i Decreti Sicurezza..."
15756,"Caro Premier Conte, le cose sono due: o ha mentito lei, oppure il suo Ministro dell'Economia. Ora basta menzogne! La riforma del MES serve alle banche tedesche e penalizza l‚ÄôItalia."
15835,Quando non si hanno argomenti si inventano le cose...
15844,Gli italiani vi presenteranno presto il conto per le vostre bugie.
15869,"Una canzone che ha unito l‚ÄôItalia migliore e continuer√† a unirla, nel segno della libert√†. 

Cantiamola insieme, pi√π forte ancora! 

#BellaCiao"
16061,"Il M5S annuncia che voter√† s√¨ alla riforma del MES, il fondo salva-banche voluto dagli ‚Ç¨urocrati. L'Italia aveva la possibilit√† di opporsi e alzare finalmente la testa, questa doveva essere la battaglia di tutti! Ma dai 5 Stelle arriva l'ennesimo voltafaccia, l'ennesimo tradimento fatto sulle spalle degli italiani per difendere le poltrone. Vergogna!"
16071,"David Parenzo pu√≤ dire e fare quello che vuole, ma la posizione di Fratelli d‚ÄôItalia √® chiara."
16091,"Ricordate la vicenda del calciatore accusato di fascismo per il simbolo sui parastinchi? In pochi minuti Alessio Sakara, campione italiano di arti marziali miste, vi spiega tutta la verit√†. A voler cercare fascismo ovunque, ecco le figuracce che si rimediano..."
16158,Chi l'avrebbe mai detto? üòè
16171,Siamo una famiglia cos√¨...‚ù§Ô∏è#giorgia
16187,"Il leader delle Sardine ( movimento spontaneo üôÑ e a-partitico) sar√† in piazza con Bonaccini...il pesce dopo tre giorni puzza.

#elezioniregionali #EmiliaRomagna"
16240,Tentativi di insabbiamento in corso? Non lo permetteremo.
16250,"Dopo Immacolata Contraccezione, arriva anche il ""festival transfemminista"" Immacolata Sovversione. Ancora squallida blasfemia. Persone tristi che non conoscono il rispetto. Preghiamo anche per voi."
16262,Sempre dalla parte di chi si difende.
16282,Volevano smantellare il MES e alla fine hanno votato come il Partito Democratico.
16300,"I ""Kompagni"" a Vibo Valentia invocano il Vangelo per giustificare l'apertura dei porti... mi fate schifo! 
Il 26 gennaio, nonostante le minacce e gli insulti della sinistra, vinceremo per i calabresi.
#26gennaiovotoLega"
16365,"Vi ripropongo la mia intervista da Lucia Annunziata su Rai Tre, dove ho risposto anche alla curiosit√† sul motivo del maglioncino che indosso üòä
Spoiler: FA FREDDO!
Ci vediamo tra poco sull‚ÄôAppennino modenese!"
16380,"Di fronte a ‚Äúcoglioncino‚Äù (pu√≤ capitare!) ho cercato di rimanere impassibile!ü§£
Comunque orgoglioso del mio...... maglioncinoüòÉ"
16388,"Donazione semestrale del sangue: un piccolo gesto che non costa nulla, fa bene e aiuta tante persone. Fatelo anche voi, se potete. Complimenti all‚ÄôAVIS per lo straordinario lavoro che da sempre fa."
16444,"üî¥ Il Viminale d√† il via libera allo sbarco delle navi Alan Kurdi e Ocean Viking, rispettivamente a Messina e Pozzallo.
Porti aperti a tutte le ong, roba da matti. Anzi, da complici."
16461,"üî¥PUR DI SALVARE LA POLTRONA, VOTANO SUL MES COL PD E HANNO IL CORAGGIO DI FARE LA MORALE AGLI ALTRI...

Se qualcuno ha tradito un ideale per salvare la poltrona, questi sono Grillo e Di Maio: da No al Mes a Viva il Mes, da Mai col PD a Viva il PD. Non si stupiscano se eletti ed elettori 5Stelle li mollano con Renzi e Zingaretti, e scelgono liberamente la Lega. La coerenza non √® in vendita, ognuno raccoglie ci√≤ che semina."
16505,"Credo che ormai gli Italiani abbiano ben capito come stanno le cose. 
Sabato e domenica in 1.000 piazze da Nord a Sud vi aspettiamo per darvi informazioni e raccogliere le vostre firme per FERMARE questa schifezza, senza se e senza ma.
Il Futuro dei nostri figli vale pi√π di una poltrona, caro ex avvocato del popolo.
#stopMES #ConteVergogna"
16520,Ecco come far perdere il posto ad altre migliaia di lavoratori italiani. Proprio un genio.
16583,"Senza vergogna! La maggioranza rossogialla tartassa gli italiani di nuove tasse, ma in compenso presenta un emendamento alla legge di bilancio per stanziare 400 mila euro per festeggiare il centenario della nascita del Partito comunista italiano. I sacrifici s√¨, ma solo quando il conto lo pagano gli italiani..."
16607,"Ma vi pare normale che i rappresentanti di 500 milioni di europei cantino Bella Ciao??? 
Che spettacolo indegno."
16620,"Quando pensi che non possa esserci altro orrore, Bibbiano ti sorprende, in negativo. Se davvero Foti √® colpevole di tanta atrocit√† deve pagare caro, carissimo per le vite rovinate!"
16640,"Proteste oggi in Calabria e Puglia, classici lavoratori portualiüôè"
16662,"Avete visto ieri sera da Porro? Ho avuto alcuni ""simpatici"" interlocutori üòÄ
√à sbagliato evadere, ma √® indecente che lo Stato debba ancora oltre 50 MILIARDI di rimborsi a imprese e famiglie e che si arrivi a pagare il 60% di tasse! Spero che si voti il prima possibile: l'Italia ha gli imprenditori e i lavoratori MIGLIORI al mondo, con la rivoluzione fiscale della flat-tax e un po' di burocrazia in meno, la Germania pu√≤ solo guardarci da lontano."
16689,"Oggi √® il venerd√¨ degli sconti, comprate bene e soprattutto italiano! Io penso alla mia mamma che in questo periodo ha bisogno di coccole. Buon venerd√¨ amici!"
16701,Conte rispondi!
16714,"üî¥ Giorgia spiega chiaramente il nostro NO convinto al MES. 
Da ascoltare ‚¨áÔ∏è #StopMES"
16722,"Ecco a voi le famose piazze delle sardine contro il ""linguaggio d'odio""üêüü§¶üèª‚Äç‚ôÇ"
16745,In Belgio non le hanno ancora tassate! Mi tuffo?!? üç≠üç´üç°
16791,"Nel mio ufficio al Senato, tra progetti di governo, disegni di legge, foto, qualche curiosit√† (per i pi√π interessati üòä) e una mia ‚Äúcontrointervista‚Äù al direttore dell‚ÄôAgenzia Vista. 
Buon pranzo domenicale, Amici!"
16812,Ma per certi esponenti della sinistra la mafia nigeriana √® un'invenzione di Giorgia Meloni...
17703,"ETEROGENESI DEI FINI

Secondo le femministe dei centri anti-violenza, per promuovere il rispetto bisognerebbe mettere il velo alle donne. A Lepanto, 500 anni fa, molti uomini europei morirono perch√© le loro donne potessero andare a capo scoperto, e cos√¨ pure accadde sotto le mura di Vienna. E oggi queste pasionarie senza storia e senza radici vorrebbero islamizzare l'Italia nel nome del ""rispetto""? Anzich√© andare a fare le battaglie per la libert√† della donna nei paesi islamici, vengono a legittimare l'Hijab? Chiedetelo a Hina Saleem, e vergognatevi, almeno un po'."
17740,"Il diritto a una corretta informazione √® un principio fondamentale che la stampa dovrebbe garantire a chiunque.

Quanto vale la parola di un conduttore televisivo che diffonde fotomontaggi?"
17821,Io le sardine le preferisco cos√¨ üòÅ
17879,"Anche a Modena, nonostante la pioggia, le sardine sono tantissime! Un banco coloratissimo sceso in piazza per manifestare contro odio e violenza, per libert√† e democrazia."
17952,"Ricordiamolo sempre: la prima violenza sulle donne √® quella islamica! 

#stopviolenzasulledonne"
18004,Che rapporti hanno i vertici del M5S con il governo cinese? Tra le cene di Beppe Grillo con l'ambasciatore cinese e i numerosi viaggi ufficiali e non dei grillini in Cina qualcosa non torna. Qualcuno √® andato a prendere ordini da uno Stato straniero? Attendiamo risposte dal M5S.
18076,Che bello fare un tuffo nel passato e vedere alla parete  una mia foto con care amiche! Cortina senza Marta non √® la stessa
18141,"Un conduttore del servizio pubblico che omaggia in piedi una speronatrice di navi militari, √® uno schiaffo a tutti i nostri uomini e donne in divisa e all‚ÄôItalia intera. Ma solo io reputo questa scena una vergogna nazionale?"
18219,"Salvini spara agli immigrati...
Opera d‚Äôarte?
No, la solita schifezza di un sinistrato.
Intanto Raggi e Zingaretti litigano e Roma √® sommersa dai rifiuti, Grillo e Di Maio non fanno pi√π neanche ridere, Conte fa scappare aziende e approva trattati in silenzio, Renzi e Calenda fanno cose e fondano partiti.
Noi lavoriamo e non molliamo!
Buon sabato Amiciüòä"
18246,"Accolta in tiv√π con tutti gli onori, a spese degli italiani, una che dovrebbe stare in galera...
Roba da matti.
Lasciamo la tedesca speronatrice di navi militari alla sinistra e al governo clandestino.
Noi stiamo con l'Italia e con Oriana, e non molliamo!
#iostoconOriana"
18258,"L‚Äôeccitato Fazio avr√† il ‚Äúpiacere e l‚Äôonore‚Äù di ospitare a vostre spese la signorina Carola.
Nota bene: se non speronate navi militari italiane non fatevi nemmeno avanti, nessun invito...!"
18332,"La battaglia contro la violenza sulle donne riguarda tutti noi: in media, ogni 15 minuti una donna √® vittima di violenza di genere. Nel nostro Paese, ogni 72 ore una donna viene uccisa. Numeri spaventosi di una violenza che dobbiamo fermare, insieme. 
Per questo ho deciso di partecipare con tutto il Ministero delle politiche agricole alimentari e forestali alla giornata contro la violenza sulle donne. Esporremo un drappo rosso sulla facciata, e ho chiesto a tutti i lavoratori del ministero di indossare #QualcosadiRosso. Lo stesso far√≤ io.
Un gesto simbolico, che ribadisce l'impegno doveroso delle istituzioni per tutte le donne vittime di abusi e violenza.
#LiberaPuoi ricominciare!

https://www.politicheagricole.it/flex/cm/pages/ServeBLOB.php/L/IT/IDPagina/14711"
18658,"Bottiglie, sassi ed insulti verso la Polizia e minacce verso la Lega: ecco i ""democratici"" della sinistra. A me sembrano pi√π dei nazisti rossi... Noi non molliamo di un centimetro!"
18738,"Un assistente sociale indagato e agli arresti domiciliari per l'inchiesta sullo scandalo affidi ha presentato un esposto contro di me alla Corte Europea dei diritti dell'uomo per l‚Äôattenzione che ho riservato al caso Bibbiano. Non ci spaventano, siamo nel giusto e continueremo a chiedere verit√† e giustizia per le migliaia di famiglie coinvolte. Non faremo calare i riflettori su questo scandalo!"
18766,"Altra ONG straniera, altro sbarco, altro regalo.
Appena torniamo al governo, tornano a valere regole, controlli e seriet√†. #portichiusi"
18814,"üî¥Se questa √® un'""opera d'arte""... A me non fa ridere, nemmeno per un cazzo. Si pu√≤ dire? Me lo consentite? Con certe cose non si scherza."
18934,Buon sabato a tutti ‚ùÑÔ∏è
19156,"Bravissimo Tiziano, hai pienamente ragione. 
Sappi che stiamo lavorando a una legge contro l‚Äôodio online. 
Non se ne pu√≤ pi√π!"
19199,"UNA VIOLENZA INSOPPORTABILE, UNO SPETTACOLO INDEGNO PER UN PAESE CIVILE!

‚ÄúAbbandono l'Aula di Montecitorio in lacrime e non mi vergogno di dirlo. Mi vergogno invece per la scena di violenza a cui hanno assistito due scolaresche in visita. Una rissa in piena regola come ci si aspetterebbe in un bar malfamato. Ed invece era l'aula di Montecitorio. Ho sempre pensato che ci chiamassero Onorevoli non perch√© qualcuno ci debba rendere onore ma perch√© dobbiamo comportarci sempre in maniera onorevole. Stasera nell'Aula di Montecitorio non c'era onore, solo violenza e io me ne vergogno.‚Äù

Rossella Muroni"
19215,"Vi ripropongo la mia intervista di ieri sera da Bruno Vespa a ""Porta a Porta"". Come sono andata? Aspetto i vostri commenti."
19260,Conte venga a riferire in Aula sul fondo salva stati: l'Italia deve sapere se abbiamo un presidente del consiglio che ha firmato con il sangue degli italiani le cambiali per tenersi la poltrona da premier. Il 9 dicembre saremo a Bruxelles per urlare in faccia ai burocrati europei che la riforma del MES √® inaccettabile e che c'√® un'Italia libera e sovrana che non intende piegarsi ai loro diktat. #StopMes
19558,"Aveva picchiato brutalmente due donne in un sottopasso solo perch√© passavano di l√¨: ‚ÄúAssolto perch√© incapace di intendere e volere‚Äù. Uno scandalo! 

#tolleranzazero"
19783,"Ancora in diretta a ""L'aria che tira"". Collegatevi!"
19789,"Oggi a Civitavecchia non ho capito l'attinenza fra il problema della discarica e ""Bella Ciao""...
Comunque grazie ai ""democratici"" per bandiere rosse, pesciolini vari, ""SALVINI MERDA! Salvini fai schifo! Salvini fai vomitare!"".
La musica √® sempre la solita, Amici, ma non ci spaventiamo: avanti a testa alta, un bacione a chi ci vuole male üòò"
20005,"La storia di Marco Albani, pap√† separato e fondatore dell'associazione ""Padri separati - Fuori dal silenzio"". Nonostante decine di sentenze disciplinino il suo diritto di visitare suo figlio, purtroppo la madre continua a rifiutarsi di farglielo incontrare. Inutili guerre in cui a rimetterci √® sempre il bambino, che avrebbe tutto il diritto di crescere sia con la mamma che con il pap√†. Lui non ha mollato e neanche io moller√≤."
20031,"I giudici ci danno ragione sulle Ong, non ditelo a PD, Carole e carolanti vari! L'Italia rialza la testa, √® solo BUONSENSO! üáÆüáπ"
20044,"Le sardine dicono che non abbiamo il diritto di essere ascoltati e che dovremmo avere paura. Care sardine, tutti hanno diritto a farsi ascoltare. Il punto √®: o si √® convincenti con le proprie idee o non si pu√≤ fare stare zitti gli altri. Chiaro?"
20058,"Ma davvero queste parole RAZZISTE e questo ragionamento MISERABILE di Corrado Augias possono essere considerati un pensiero autorevole? Sono schifata dal livello di bassezza a cui la sinistra italiana √® arrivata, e considero scandaloso che si insultino cos√¨ decine di milioni di italiani che votano a destra. Parlano con disprezzo di chiunque non la pensi come loro e poi fanno pure la morale. Che vergogna."
20198,Compagni milionari......
20209,"++ üî¥ SCHIFOSI! ++
Alla faccia della democrazia, ecco chi semina odio...
Qui a Firenze, dove mi trovo, aggrediti il sindaco di Massa, Francesco Persiani, con figlia e moglie, e l‚Äôassessore Veronica Ravagli, che √® stata anche scaraventata a terra, tra sputi e insulti. A loro il mio abbraccio.
Andremo avanti pi√π forte di prima, il vostro odio non ci fermer√†!!!"
20439,"Tu fai il tuo lavoro in un convegno e fuori i democratici ti urlano ""Pillon fascista, sei il primo della lista, merda"". Tutto ci√≤ ha un nome: si chiama istigazione all'odio. O forse esiste un odio ""democratico""? Un odio per cui si pu√≤ chiudere un occhio, che non ha bisogno di commissioni particolari, che non indigna i giornaloni come Repubblica e Corriere? Un odio, tutto sommato, legittimato. Due pesi e due misure. Vi riempite la bocca di democrazia, ma siete solo nazisti rossi."
20474,"++ CHIESTI 17 ANNI DI GALERA! ++
Uccise due rapinatori e ne fer√¨ un terzo, dopo che avevano aggredito e minacciato lui e la moglie con una pistola, poi risultata finta.
La ‚Äúgiustizia‚Äù italiana chiede una condanna a 17 anni di galera per questo commerciante siciliano di 58 anni.
Io invece sto con lui.
#iostoconGuido"
20488,"Ora su Rai Tre pare che il candidato del PD si sia dimenticato che al governo ci sono i suoi compagni di partito ‚ò∫Ô∏è
#26gennaiovotoLega"
20492,"Ecco a voi un corteo a Roma delle femministe di ‚ÄúNon una di meno‚Äù, indetto in vista della Giornata internazionale contro la violenza sulle donne. Ma avranno capito almeno per cosa scendono in piazza?"
20531,"üî¥ INCAPACI E CALABRAGHE! 
Le Ong ordinano e il Viminale obbedisce: 62 immigrati sbarcano a Taranto e altri 78 a Pozzallo. Governo di incapaci e calabraghe! Con i porti aperti pi√π sbarchi, pi√π partenze, pi√π morti in mare e pi√π affari per i trafficanti. Vergogna!
#portichiusi üáÆüáπ"
20559,"Domenica, finalmente il tempo per noi!!! #amore"
20581,"VERGOGNATEVI! FATE SCHIFO!
""Erano mercenari, noi le lacrime per i poliziotti uccisi non le versiamo"".
Queste le IMMONDE parole pronunciate a Trieste da quella bella categoria di ""persone"" che di solito vanno in piazza a lanciare pietre e bombe molotov agli ""sbirri"".
Un pensiero a Matteo e Pierluigi, eroi nazionali. Gli italiani perbene vi ricordano e vi porteranno sempre nel loro cuore."
20591,Un saluto da Fiorenzuola D'Arda (Piacenza). Anche qui in Emilia oggi tanti disagi a causa del maltempo. State con noi in diretta.
20812,"Leader delle Sardine: ‚ÄúIo ritengo assurdo che si continui a parlare di Bibbiano‚Äù. 
E questo sarebbe un movimento apolitico? La triste realt√† √® che le sardine sono semplicemente la sinistra del Pd che scende in piazza senza bandiere... perch√© probabilmente se ne vergognano."
20866,"Ricordate il prete toscano che vorrebbe portare tutta l'Africa in Italia? Oggi concertino ""sardinante"" di ""Bella Ciao""... a Messa!
Tra un po' lo vedremo a Sanremo! üòÄ (Roba da matti!)"
20888,Perfetta sintesi.
20890,"Capito? Siete/siamo tutti dei gran ignoranti. ovviamente!
Pi√π che ""destra"" o ""sinistra"", io vedo da una parte un'Italia di Buonsenso che ama il proprio Paese, dall'altra i soliti tromboni pieni di boria che schifano chi non la pensa come loro."
20895,"Ho chiesto di assegnare dal 2020 un ulteriore fondo di 2 milioni di ‚Ç¨ annui per i consultori familiari, al fine di rimuovere le cause, in particolare di carattere economico, sociale, e familiare, che inducono a praticare l'interruzione di gravidanza. #Emendamenti #ProLife"
20911,"Padre Sorge spara a zero contro l'apertura al dialogo del Card. Ruini e si accanisce contro Matteo Salvini. Ormai √® diventato uno sport nazionale. Grazie a Dio per√≤, ci sono ancora tanti sacerdoti che non fanno tifo politico spostato a sinistra come Sorge, ma che sono rimasti lucidi e capaci di dare un giudizio alla luce della fede."
21013,"""Non giudicate le donne, rispettatele!"" 
In collegamento telefonico con In Vivavoce, su Radio1 per la giornata mondiale contro la violenza sulle donne.
#qualcosadirosso"
21034,E GRAZIE di esserci sempre! ‚ù§Ô∏è
21036,"Non solo il ‚ÄúDecreto sisma‚Äù del governo Conte-Pd-5Stelle-Renzi toglie soldi all‚ÄôUmbria, che tanto ha gi√† votato, ma soprattutto blocca tutte le ricostruzioni aggravando ogni procedura di obblighi e burocrazia, come denuncia la rete delle professioni tecniche.  
Come se non bastasse, ritira competenze agli enti locali e alle regioni centralizzando tutto a Palazzo Chigi dove ogni dossier si ferma senza speranza. 
Un meccanismo che rischia di annullare gli sforzi gi√† fatti per aiutare Emilia-Romagna, Lazio, Marche, Abruzzo e Umbria. 
Incapaci e pericolosi, prima tolgono il disturbo meglio √® per i cittadini."
21065,"Grazie al üî¥CodiceRosso voluto dalla Lega e approvato dal Parlamento, adesso ogni denuncia di violenza o minaccia deve essere esaminata dalla giustizia entro tre giorni: tanto dolore evitato, tante vite salvate.
Un abbraccio Amiche. #stopviolenzasulledonne"
21125,"Questa sinistra √® una vergogna anti-italiana: la cittadinanza non √® un biglietto-premio al luna park, va meritata, desiderata, conquistata. #noiussoli"
21154,"Santificata in diretta tv, l‚Äôeroina della sinistra italiana, passata da un grande italiano come Berlinguer a una figlia di pap√† tedesca, predica che dobbiamo accogliere anche gli immigrati ‚Äúclimatici‚Äù... Poi si chiedono perch√© il PD abbia perso TUTTE le elezioni (politiche, europee, regionali) degli ultimi due anni. 
Non molliamo, Amici. Siamo nel giusto."
21395,"‚ÄúUniamoci contro la destra razzista e retrograda di Salvini‚Äù dice questo senatore dei 5Stelle. Brrrrr, che paura!
Gratta il grillino, trovi il sardino, gratta il sardino, trovi il piddino üòä
P.s. Ma secondo voi si saranno dimenticati che al governo ci sono loro?"
21447,"Danno tante lezioni, poi pur avendo (parole sue) due case di propriet√† lei e il marito restano a carico dello Stato. Complimenti a Elisabetta Trenta tanto aggrappata ai privilegi che neanche capisce dove stia di ‚Äúcasa‚Äù l‚Äôimbarazzo. Anti-casta de che?!"
21510,"Michele Emiliano non √® il nostro candidato per la Puglia. Non pu√≤ esserlo e non lo sar√†. Sono stata chiara ieri all‚Äôaffollata presentazione di Italia Viva a Lecce e voglio esserlo di nuovo oggi con voi. 
Secondo noi la Puglia ha bisogno di ben altro: un grande cambiamento che ricostruisca un rapporto con la societ√† pugliese attraverso una classe dirigente nuova che sappia guadagnarsi e non acquistare il consenso. Non opacit√† ma trasparenza di governo. La Puglia ha bisogno di una classe dirigente che dia risposte su sanit√†, agricoltura, rifiuti. Risposte diverse da quelle date dall'attuale governo regionale che in questi anni non ha certamente dato una buona prova di s√©.
Se vogliamo costruire insieme questo percorso, nella pari dignit√† tra le forze politiche che si oppongono a quelle sovraniste ma che, anche, non si riconoscono in opportunismi demagogici contro le infrastrutture, lo sviluppo e la ricerca scientifica, Italia Viva c‚Äô√®. Se al contrario si pensa di usare il rischio che la Puglia passi al centrodestra come grimaldello per costringerci ad accettare il percorso di primarie non competitive che altri hanno costruito e deciso, allora significa che siamo ben lontani da ci√≤ di cui la Puglia avrebbe bisogno. Soprattutto in una fase come questa, in cui a sei mesi dalle elezioni ci si dovrebbe aprire alla societ√†, costruendo un percorso di ascolto delle imprese, delle forze sociali, dei movimenti e dei cittadini. Delle donne e degli uomini pugliesi.
Io dico a tutti ed innanzitutto ai vertici nazionali del Partito Democratico: rimuoviamo gli ostacoli. Se davvero vogliamo determinare un cambiamento e dare un buon governo a questa Regione, partiamo da ci√≤ che unisce e non √® divisivo. Su queste basi, ripeto, Italia Viva c‚Äô√®."
21613,Il garante della privacy nel 2007 ha stabilito che tutti i possessori di case popolari devono essere resi pubblici... Ultimamente per√≤ la verit√† in alcuni programmi televisivi non √® accettata
21688,"Donne e non solo, in marcia per i diritti!"
21722,Io e Martino vi auguriamo buon fine-settimana
21756,Mentre le nostre citt√† sono flagellate dal maltempo il segretario PD se ne esce per l‚Äôennesima volta con la proposta dello Ius Soli. ZINGARETTI SVEGLIA! Sei sicuro che sia questo ci√≤ di cui gli italiani hanno bisogno?! #NoIusSoli
21761,"La mia intervista a UnoMattina, sono sicuro che vi piacer√†! Mi aiutate a condividerla? Grazie Amici ‚ù§Ô∏è"
21780,"Riguardo le case popolari la posizione di Fratelli d'Italia √® semplice: viene prima chi risiede in Italia da pi√π tempo. Lo stiamo facendo in Abruzzo, presto lo faremo in tutta Italia!"
21900,"Il padre Nereo trascorse 3 anni nel lager nazisti. Per questo Ezio Greggio rifiuta la cittadinanza onoraria di Biella, dopo che il Comune l'aveva negata a Liliana Segre, ""per rispetto verso la senatrice e quella che √® la storia della mia famiglia"".
Chapeau."
21971,"Ma quanta gente c‚Äôera in piazza a Modena? 
Che spettacolo!"
22004,I grillini gettano definitivamente la maschera e Beppe Grillo detta la linea a Luigi Di Maio: il M5S partito di sinistra alleato del PD. Fratelli d‚ÄôItalia ha sempre avuto ragione a dire: mai col PD e mai col M5S.
22041,"Prodi dice che non c'entra niente con le sardine. Gli crediamo. D'altronde lui dice sempre la verit√†. Come quando ha promesso che con l'euro saremmo stati pi√π ricchi. √à andata cos√¨, no?

Le vignette di Krancic"
22100,"Piovono tasse.......
Nonostante tutto, buona settimana Amici."
22137,"Ancora una splendida domenica a voi da Rimini, Amici! Che tempo fa da voi?
Un pensiero a chi sta avendo enormi disagi a causa delle forti piogge, speriamo ci diano un po‚Äô di tregua."
22140,A me piace un sacco come cantante. Ti voglio bene Fiorella!
22146,"Una delle ‚Äúsardine democratiche‚Äù che sar√† in piazza oggi a Modena contro di me, poco tempo fa invocava il mio omicidio da parte di un giustiziere e mi raffigurava a testa in gi√π.
Bella roba.
Aspetto reazioni indignate di giornalisti, politici e merluzzi... Viva Modena, viva l‚ÄôEmilia-Romagna, viva la Libert√† e la Democrazia, ma quelle vereüòâ"
22167,"""Sovranisti? Dei virus da tenere a bada.""
Ma pensa! 
Purtroppo per il presidente del Parlamento europeo (del Pd), la sovranit√† appartiene al Popolo e al libero, democratico esercizio delle elezioni.
Cos√¨ come l'hanno sperimentato in Umbria, lo vedranno il 26 gennaio in Emilia-Romagna e in Calabria üòâ"
22184,Le sardine scarseggiano.. pessima giornata per i felini a Terni üòÇ
22190,Il Movimento 5 Stelle tenta di distogliere l‚Äôattenzione dai suoi continui fallimenti e tradimenti nei confronti degli italiani diffondendo falsit√† su Fratelli d‚ÄôItalia. Ascoltate bene e fate girare!
22352,"Riguardo all‚ÄôIlva √® sotto gli occhi di tutti che i 5 Stelle non abbiano una visione industriale, invece sul caso Trenta lascio a voi i commenti..."
22381,"AVVISO AL GOVERNO ANTI-ITALIANO: #NOIUSSOLI
La cittadinanza non si regala e la Lega si opporr√† in tutti i modi, ve lo garantisco."
22388,"MA COME SI FA???
Leggete questa storia. 
Troppo spesso lo Stato, la sua burocrazia, i suoi Uffici esercitano una violenza fuori controllo, umiliante, brutale. 
Siamo in mano alla ‚Äúprocedura‚Äù in cui non c‚Äô√® spazio per un briciolo di umanit√† e compassione.
Non √® questa l'Italia che ho in mente."
22430,"Su proposta dell'assessore alle Politiche per la famiglia, Genitorialit√† e Pari Opportunit√†, Silvia Piani, la Regione Lombardia ha stanziato un ulteriore contributo di 1.800.000 euro per il 2019, finalizzato a sostenere i coniugi separati o divorziati, con problemi economici, con gli obiettivi di integrare il loro canone di locazione e garantire interventi di mediazione familiare. Ecco il buon governo della Lega. Anche noi presenteremo emendamenti alla finanziaria per stanziamenti in favore di mamme e pap√† separati e tante risorse per i figli e la natalit√†."
22442,"Se non riesci a pagare una multa e ti entrano nel conto corrente per pignorarti i risparmi, siamo all'Unione sovietica fiscale, lo Stato di polizia fiscale. Questi sono pericolosi."
22465,"Ops, transatlantico deserto. Perch√© oggi non si vota e a chi manca non decurtano lo stipendio e non viene segnata come assenza. Tutti a casa di gioved√¨ i moralizzatori grillini? Dai mi sento sola venite a farmi compagnia, assenteisti!
Capito perch√© il M5S ha bocciato la proposta di Fratelli d'Italia per fare timbrare il cartellino ai parlamentari?

Ps. Noi anche oggi al lavoro, tra poco illustriamo gli oltre 500 emendamenti alla manovra presentati da Fratelli d'Italia."
22562,"Pillon Wanted. Ricevuto da Milano. L'avr√† fatto una sardina? O un estimatore di qualche centro sociale di estrema sinistra? In ogni caso, sar√† comunque stato un ""democratico"". Facciamo una commissione parlamentare?"
22726,"Ecco la democratica Samar Zaoui, una dei leader delle ""Sardine"". Qualche mese fa invocava la morte di Salvini su Facebook, scrivendo: ""Avremmo bisogno di un giustiziere sociale, di quelli che compaiono nella storia, che dopo aver ucciso vengono marcati come anarchici"". Il profilo di questa leoncina da tastiera √® puntualmente scomparso da Facebook. Queste ""sardine"" le lasciamo volentieri al Partito Democratico."
22752,"Almeno qualcuno ne parla!
Aspetto reazioni e condanne da parte degli indignati di professione, oppure le minacce che vengono da sinistra sono meno gravi e minacciose...???
P.s. Il profilo della ""democratica sardina"" che invoca il mio omicidio √® inspiegabilmente scomparso da Facebook..."
22754,Ma Chef Rubio si √® travestito da prete???üòÇ
22909,"Presentato emendamento di Fratelli d‚ÄôItalia alla manovra per richiedere un deposito cauzionale di 30 mila euro agli extracomunitari che vogliono aprire un'impresa in Italia e che saranno scalati dalle tasse dovute. STOP alla concorrenza sleale dei negozi gestiti da extracomunitari che non pagano le tasse, come mini market e negozi cinesi. Difendiamo le attivit√† italiane che continuano a chiudere strozzate dalle tasse!"
22926,"Il Movimento 5 Stelle √® arrivato alla frutta! Per tentare di distogliere l'attenzione dai loro disastri, scandali e continui tradimenti nei confronti degli elettori, ormai attaccano e diffondono quotidianamente falsit√† su di me e Fratelli d'Italia. Qualcuno pu√≤ informarli che stanno al governo e non all'opposizione?"
22949,La cittadinanza italiana non pu√≤ e non deve essere un automatismo. Continueremo a fare le barricate per impedire l'ennesima follia anti-italiana. #NoIusSoli
23098,"Accidenti!üò∏
#gattiniconSalvini"
23102,"Indovinello: con la complicit√† del governo, dove sbarcheranno queste centinaia di immigrati??? ü§î"
23112,"Ormai il giochetto si √® capito: gratta la sardina trovi la piddina. E questa ‚Äúdemocratica‚Äù, assessore in un comune della provincia di Bologna, dice anche che siamo dei ‚Äúdelinquenti prestati alla politica‚Äù...
Amici, pi√π ci insultano, pi√π vinciamo!
#26gennaiovotoLega"
23122,"Una bella chiacchierata con Mario Giordano, buon pranzo Amici üòä"
23125,"Amici, questa sera alle 22 tutti in diretta su Rai Tre con Lucia Borgonzoni a #Cartabianca!
Prima liberiamo l'Emilia-Romagna e poi liberiamo l'Italia! üáÆüáπ
#26gennaiovotoLega #BorgonzoniPresidente

Commenti liberi: https://www.facebook.com/Cartabiancarai3/photos/a.1805255899719136/2477353035842749/"
23126,"Il 2 dicembre sar√≤ nelle Fiandre, ad Anversa, e questa signora prepara ""mezzi non propriamente pacifici"" (!) contro di me vantando ""una vasta esperienza in questo campo"" (!!). 
Che cosa avr√† voluto dire?!?
Alla faccia del dibattito democratico...
Le servirebbe un po' di terapia calmante di #gattiniconSalvini."
23157,"Bravissima Lucia! ORGOGLIOSO delle donne della Lega üòä
#26gennaiovotoLega"
23167,"E poi arriva il momento di prendere tua figlia a scuola, ed √® gioiaüòä"
23172,"La mia intervista su La7 in collegamento dalla magnifica Sorrento, buona serata Amici!"
23175,"La serata non √® ancora finita, Amici nottambuli! Tra poco in onda su Rete 4 con Mario Giordano!"
23177,"Noi come Lega abbiamo sempre detto a Conte e a Tria che NON avevano il mandato per toccare il MES.
Se qualcuno ha agito, lo ha fatto tradendo il mandato del popolo italiano, e l'alto tradimento costa caro. 
Non √® la prima volta che l'ex avvocato del popolo mente, ma la verit√† verr√† fuori."
23221,"Carola Rackete sperona la motovedetta della Guardia di Finanza, rischiando di ammazzare i militari a bordo e viene applaudita dalla sinistra italiana e dal Parlamento UE. Matteo Salvini difende i confini del suo paese e viene indagato per sequestro di persona. Che schifo, √® il minimo che si possa dire."
23233,"L'urgenza del PD? Lo Ius Soli per svuotare il valore della cittadinanza italiana, svenderla e trasformarla in un automatismo, come se fosse una marchetta. Zingaretti, la cittadinanza non si regala, si merita dopo un ragionevole e chiaro percorso formativo. Ancora una volta il Partito Democratico ha priorit√† diverse da quelle degli italiani."
23319,"Picchiava i bimbi. All‚Äôarresto: ‚Äúnel mio Paese si usa cos√¨, non sapevo qui fosse reato‚Äù. Ed √® esattamente questo il punto: gli Imam e chi li segue devono far propria la nostra cultura e le nostre leggi o qui non ci devono stare! 

 #tolleranzazero"
23330,"Fazio non tradisce la radice del cognome e si conferma fazio-so, invitando con tutti gli onori Carola Rackete, una ragazzina che pi√π volte ha violato le nostre leggi addirittura speronando una motovedetta della Guardia di Finanza. 
Io non ci sto, e far√≤ un'interrogazione parlamentare in merito!"
23345,"Arrestato originario del Gabon per aver stuprato ragazza fuori da nota discoteca di Milano. 
Che citt√† √® quella in cui non possiamo pi√π neanche mandare i nostri figli a divertirsi in sicurezza?! 
Sala sveglia!!"
23358,"Nei cortili di Milano macellerie abusive. Uno si affaccia al balcone e gli stanno macellando un animale sotto le finestre. A denunciare ancora una volta Fratelli d'Italia  e lo ricordiamo: suolo italiano regole italiane! 

#tolleranzazero"
23367,"Conte all‚Äôoscuro del Parlamento e del popolo italiano ha dato l‚Äôok alla riforma del #Mes, il Fondo salva stati che cos√¨ renderebbe la Troika ancora pi√π potente e invadente. Giorgia Meloni ha annunciato le barricate di Fratelli d'Italia,  noi siamo pronti! 
#StopMes"
23423,"Ora in diretta su Rete 4 a ""Fuori dal Coro"". Mi seguite?"
23462,"Dopo lo scandalo della casa a cui non voleva rinunciare, ora si aggiunge la scorta con l'auto blu (pagata dai contribuenti) al cane dell'ex Ministro Trenta. Alla faccia della lotta ai privilegi del M5S! ü§£"
23508,"All'Eurosummit dello scorso Giugno il Presidente Conte ha dato l'ok alla riforma del Fondo salva stati (MES) senza coinvolgere il Parlamento, che entro il mese di Dicembre sar√† chiamato a ratificare questa nuova eurofollia. La riforma del Mes prevede in sintesi una maxi patrimoniale per gli Stati che faranno richiesta di accesso al fondo ma che non rispettano i parametri stabiliti, e ovviamente l'Italia √® fuori da questi. Il Mes si trasformer√† in un super Troika onnipotente che avr√† come unico scopo quello di agire nell'esclusivo interesse della speculazione finanziaria. Fratelli d'Italia annuncia sin da ora le barricate in Parlamento contro l'ennesimo atto di tradimento nei confronti del nostro popolo."
23527,"Trasporta immigrati clandestini in Italia, viola i nostri confini e sperona una motovedetta della Guardia di Finanza. Risultato? Carola Rackete invitata in Rai come ospite d‚Äôonore da Fazio. Ma esattamente cosa vi hanno fatto gli italiani per essere presi in giro cos√¨?!"
23686,"Finalmente lo ammettono anche loro, il Movimento 5 Stelle ha tradito gli elettori per qualche poltrona governativa. Come ci si pu√≤ ancora fidare del M5S?"
23697,"Comunico al Movimento 5 Stelle che non ho sbagliato giorno. Ribadisco che in Parlamento - al contrario loro - vado quasi tutti i giorni, anche se non si vota. A lavorare. 
Invece, i Cinquestelle confermano di venire in Parlamento solo quando si vota (PERCH√â ALTRIMENTI TAGLIANO LORO LO STIPENDIO) cio√® mediamente due/tre giorni la settimana. 
E tutti gli altri giorni che fanno? Misteri del grillismo."
23771,In diretta dal ‚ÄúFestival del Lavoro: anteprima 2020‚Äù. Seguitemi!
23814,"Auguri a tutti i carabinieri che oggi celebrano la Virgo Fidelis, patrona dell'Arma. Grazie per la vostra fedelt√† allo Stato e agli italiani!"
23822,"Ogni giorno leggiamo di criminali arrestati che percepivano il reddito di cittadinanza. Invece di continuare a dare la paghetta di Stato a mafiosi, ex brigatisti, spacciatori, condannati e nomadi, investiamo i soldi destinati al reddito di cittadinanza in un serio programma di occupazione per aiutare i veri bisognosi. Gli italiani meritano di pi√π!"
23848,"Presentato emendamento di Fratelli d‚ÄôItalia alla manovra per consentire, a chi volesse, di destinare il proprio 5 per mille del reddito al fondo rimpatri degli immigrati illegali. Aiutiamo il rispetto delle regole, invece di alimentare l‚Äôillegalit√†."
23883,"I Cinquestelle, non sapendo come spiegare la vicenda che coinvolge l'ex Ministro Trenta, e che rappresenta una pietra tombale sulla loro finta lotta alla casta, tornano ad attaccare me per spostare l‚Äôattenzione. 

Dicono che sarei assente troppo spesso in Parlamento e quindi non meriterei lo stipendio. Peccato che io risulti tra i primi nella classifica dei deputati pi√π produttivi. Perch√© guadagnarsi lo stipendio da parlamentare non significa solo schiacciare il bottone, ma studiare, confrontarsi e fare proposte che possano cambiare le cose. 

Ma anche sulla presenza sono pronta a sfidare i colleghi grillini. Perch√© io anche di luned√¨ sono quasi sempre in Parlamento, come √® giusto che sia, e loro non li ho mai visti. Sapete perch√©? Perch√© quando non ci sono votazioni ai parlamentari non viene corrisposto il gettone di presenza. Capito? Quelli che mi fanno la morale vengono in Parlamento solo a pagamento, cio√® di solito massimo tre giorni a settimana! 

Facciamo cos√¨: che ne dite se ripresento la proposta, gi√† bocciata dai moralisti grillini, di introdurre il cartellino e chiedere a questi fenomeni di venire cinque giorni come i comuni mortali, cos√¨ vediamo chi lavora davvero e chi schiaccia il bottone a pagamento?"
23907,"La definiscono ""pausa elettorale"" perch√© ""tentare di rinviare l'imminente scomparsa politica dopo aver tradito ripetutamente gli elettori"" forse sembrava brutto."
23930,"Il vero scopo della dittatura tecnobancaria in cui ci stanno portando i pentapiddini √® mettere le mani nelle tasche dei cittadini: nella manovra hanno previsto pignoramenti dei conti correnti pi√π facili per chi non paga i tributi locali. Quando uno Stato obbliga il cittadino a utilizzare moneta elettronica per poi mettergli le mani in tasca, si va inevitabilmente verso una forma di tirannide. Questo Governo abusivo √® una vera sciagura per gli italiani, in Parlamento daremo battaglia per difendere lo Stato di diritto e la libert√† dei cittadini!"
23941,"Anche questo fine settimana Fratelli d'Italia scende in piazza per raccogliere le firme sulle nostre quattro proposte di legge di iniziativa popolare. Modifichiamo la Costituzione per ridare la sovranit√† al popolo italiano. Vi aspettiamo! 

Ecco dove firmare üñä
https://www.fratelli-italia.it/petizioniriforme/"
23966,Grazie a Santiago Abascal per le belle parole che mi ha dedicato nella sua intervista a Libero. Insieme per un'Italia e una Spagna a testa alta in Europa! üáÆüáπüá™üá∏
23989,"Ammazza la compagna a coltellate perch√© aspettava un bambino. Solo una parola: BASTARDO.
Solo una pena: galera a vita."
23993,"Nooooo! Miagolii di delusione a Sorrento, poca pappa per i #gattiniconSalvini üòøüòò"
23996,"üî¥Altri 213 presunti profughi sbarcati oggi a Messina dalla solita nave Ong.
Porti aperti significano pi√π partenze, pi√π sbarchi, pi√π morti. E pi√π droga e armi nelle mani di scafisti e trafficanti.
Ottimo risultato per Conte e Lamorgese... Vergogna!"
24021,"Al governo abbiamo dei pericolosi incapaci detestati dalla maggioranza degli italiani.
A casa!
#noiussoli"
24032,"‚ÄúVotateci per beneficenza, contro una destra pericolosetta...‚Äù
E prima ancora voleva togliere il voto agli anziani e cancellare le elezioni!?!
Grillo ormai non fa pi√π ridere, poveretto, fa pena.
Andate a leggervi i commenti degli (ex) elettori 5Stelle sulla loro Pagina e fatevi una risataüòÇ"
24220,"Se avete qualche minuto leggete la mia intervista di stamattina al Corriere. Sempre convinto che coerenza e idee chiare paghino, il tempo √® galantuomo."
24221,"Giusto tenere agli atti, per la serie ""il mondo al contrario"": sulla tiv√π pubblica, pagata da tutti gli italiani, √® andata in onda, accolta con tutti gli onori, una che se ne √® infischiata delle nostre leggi e ha speronato una motovedetta della Guardia di Finanza rischiando di ammazzare gli occupanti. Messaggio di questa bella serata? L'Italia deve accogliere tutti, profughi, ""migranti economici"" ma anche i ""migranti climatici"" perch√© se in Africa ci sono sconvolgimenti ambientali √® colpa nostra. Amen! üôÑ"
24252,"""MES? Avremo pi√π vantaggi di quanti ne abbiamo ricevuti...‚Äù Non capisco se il signor Conte ci √® o ci fa, se non ha compreso cosa sta facendo o se ha deciso di tradire il popolo italiano. 
Comunque sia, democraticamente, lo fermeremo."
24267,"‚ÄúSpara a Salvini‚Äù.
Ecco i frutti dell‚Äôodio di certa sinistra... Avanti, a testa alta e senza paura."
24306,"Ma come? La violenza e lo stalking non erano appannaggio esclusivo dei maschi brutti e cattivi? Si saranno sbagliati, o magari c'√® stato un intervento chirurgico, perch√® la stalker della Mannoia non pu√≤ essere femmina. O forse s√¨, perch√® sarebbe ora di capire che la violenza non ha genere. Solidariet√† a Fiorella Mannoia, con l'augurio che le ideologie marxiste escano presto dalle misure antiviolenza."
24335,Le domande che Fazio non far√† a Carola Rackete...
24343,"Nel prossimo question time di mercoled√¨ 27 novembre alla Camera, Fratelli d‚ÄôItalia chieder√† al Governo una risposta ufficiale sui rapporti dei vertici del M5S con il governo cinese: le cene e gli incontri di Beppe Grillo con l'Ambasciatore di Pechino a Roma; il numero di viaggi e visite ufficiali, e non, da parte di membri dell‚ÄôEsecutivo in Cina, Di Maio in primis; i rapporti economici tra la Casaleggio Associati e aziende cinesi. Gli italiani hanno il sacrosanto diritto di sapere o no se l'Italia ha una politica estera decisa da Grillo e Casaleggio e portata avanti da Di Maio ed il M5S. Perch√© un conto √® dialogare con altre Nazioni nei normali contesti istituzionali, altra cosa √® andare alla chetichella a farsi dare istruzioni da uno Stato straniero. Pretendiamo chiarezza e per questo Fratelli d‚ÄôItalia chieder√† anche l‚Äôistituzione di una commissione speciale alla Camera per far luce sulle ingerenze straniere e, segnatamente, quelle cinesi sul governo italiano. √à in gioco la credibilit√† dell'Italia a livello internazionale e la difesa dei nostri interessi nazionali."
24344,"Che dite, mi somiglia? 
Grazie a Veronica per avermi dedicato questo simpatico disegno."
24390,"Viva i gattini! üò∫
#gattiniconSalvini"
24404,"Il maltempo continua a creare gravi danni e disagi in tutto il Nord Italia. Val d'Aosta, Piemonte e Liguria sono le regioni pi√π colpite. Voglio prima di tutto esprimere la mia vicinanza alle popolazioni colpite. Un pensiero va ai tanti agricoltori che si ritrovano inermi davanti ai danni causati da piogge e smottamenti alle loro aziende e alle loro colture. 
Non siete soli davanti a questi fenomeni estremi. Affronteremo le emergenze insieme, con la massima urgenza, ma dobbiamo renderci conto che non possiamo vivere in un clima di costante allarme. Dobbiamo prenderci cura dei nostri territori, occuparci della messa in sicurezza delle aree a rischio. Chi ha cancellato #CasaItalia e #Italiasicura, le strutture contro il dissesto idrogeologico che avevamo creato durante il governo Renzi, ha commesso un errore gravissimo. Dobbiamo ripristinarle, il prima possibile! Sblocchiamo gli investimenti: la sicurezza di territori, cittadini e aziende deve essere la priorit√†."
24426,Sono stata invitata ad un interessante convegno che riguarda un tema a cui tengo molto: l‚Äôislamizzazione silenziosa.
24430,"Il governo continua a cambiare idea dimostrando di non avere una visione industriale. 
Per quanto tempo dovremo continuare a sopportare questa incompetenza?"
24452,"In Italia ci sono delle leggi da rispettare, non devono esistere repubbliche rom dove ognuno fa quel che vuole. Siete d‚Äôaccordo?"
24461,"Padova, scuola di Corano per bimbi: il primo iman, socialmente pericoloso, √® stato rimpatriato il 20 novembre. Il secondo, chiamato a sostituirlo, √® stato arrestato per maltrattamenti agli allievi. E la domanda √®: perch√© nessun genitore ha denunciato?"
24541,"Il terrorista islamico di Londra aveva gi√† progettato una strage nel 2012 ed era a piede libero, roba da matti. 
Tolleranza zero verso chi vuole farci tornare al Medioevo, portando sangue e violenza nelle nostre citt√†. 
Le parole di Oriana Fallaci non devono rimanere inascoltate."
24547,"üî¥ MA COSA CI PU√í ESSERE DI PI√ô ASSURDO???
In una scuola elementare in provincia di Treviso le maestre avrebbero deciso di rinunciare al presepe perch√© offende bimbi di altre religioni. Se √® vero, siamo di fronte all‚Äôennesima idiozia!!!
Come si pu√≤ pensare che i simboli pi√π amati della nostra civilt√†, segni di pace e di fratellanza, possano offendere qualcuno?
GI√ö LE MANI DAL NATALE!
P.s. Segnalatemi altri casi come questo, se serve andr√≤ anche di persona a visitare queste scuole."
24556,Ma dove l'hanno trovato questo??? Spero che in breve tempo ci libereremo di questi pericolosi incapaci.
24568,"Seguiteci da Firenze Amici, guardate che meraviglia!"
24574,"Da una parte una piazza ""contro"" (Salvini), dall'altra una piazza ""per"" l'Italia, orgoglioso delle differenze! üòäüáÆüáπ
#orgoglioitaliano"
24584,"Pi√π ci temono, pi√π ci insultano, pi√π sorridiamo! üòä"
24594,Forse chi si permette di insultare gratuitamente e quotidianamente la Lega potr√† trarre insegnamento da questo esempio.
24607,"Amici romani, ci vediamo tra poco, alle 18, al Teatro Italia di Roma (via Bari 18), pronti a mandare tutti insieme un messaggio forte e chiaro: la Capitale merita pulizia, sicurezza e dignit√†, la Lega c'√®.
#RaggiDimettiti #RomaTornaCapitale

üñåVuoi partecipare al progetto della Lega per Roma? Iscriviti su: legaonline.it/romacapitale"
24619,"üî¥ √à un attentato ai danni degli ItalianiüáÆüáπ
I nostri avvocati stanno studiando l'ipotesi di un esposto ai danni del governo e di Conte.
#stopMES"
24623,"Se gratti il ""sardino"" trovi il piddino!
C'√® chi protesta contro, noi facciamo proposte ""per"". Questa √® la grande differenza tra la sinistra e la Lega. 
C'√® chi distrugge, c'√® chi costruisce."
24644,"Lucia Borgonzoni denunciata alla Corte europea dei diritti dell'Uomo... 
Forza Lucia, su Bibbiano e sugli altri casi, in Emilia-Romagna e in tutta Italia, non riusciranno a tapparci la bocca.
#26gennaiovotoLega #BorgonzoniPresidente"
24809,"Popolari, socialisti, verdi, grillini e comunisti votano insieme e bocciano la risoluzione presentata da Fratelli d‚ÄôItalia in Parlamento europeo sui diritti del bambino. Hanno detto no alla difesa della vita fin dal concepimento, no al sostegno alla famiglia naturale e a misure per conciliare vita-lavoro e garantire un ambiente sano ai minori, no alla lotta alla diffusione dell‚Äôideologia gender nelle scuole, no alla condanna di una pratica barbara come l‚Äôutero in affitto. Approvata, invece, una folle risoluzione per spingere gli Stati ad introdurre lo ius soli e che parla, quasi in ogni capoverso, di LGBTI. Questa non √® la mia Europa."
24822,"Paradossi della sinistra italiana: le manifestazioni delle sardine sono un esempio di democrazia, mentre le migliaia di italiani scesi in piazza Montecitorio per manifestare contro il Governo dell'inciucio sono dei pericolosi eversivi. 
Per la sinistra le manifestazioni sono legittime solo se a loro favore..."
24837,Ha vinto lui! Premio 5 stelle dell‚Äôanno.
24854,"üî¥CHE SCHIFO!
Arrestato un ""richiedente asilo"" nigeriano per aver sequestrato, picchiato e stuprato una ragazza di 22 anni nei locali gestiti da una cooperativa di ""accoglienza"".
Peter Chiebuka amava le Porsche, i vestiti firmati e le collane d'oro, che esibiva sui social.
E poi dicono che ""Salvini √® cattivo""... MA DA QUALE GUERRA SCAPPA?
Spero si faccia piena luce sulla condotta di questa coop e che l'infame paghi fino in fondo per quello che ha fatto."
24860,"Questa mi mancava: l'eroina della sinistra che ha speronato la Guardia di Finanza mi denuncia per ‚Äúistigazione a delinquere‚Äù...
Roba da matti! 
Noi sorridiamo e controdenunciamo, contando di incontrare questa signorina in Tribunale üòò"
24898,"Qui Portoferraio, Isola d‚ÄôElba: spettacolo!!!
Da oggi anche qui una sede della Lega, la prossima primavera mandiamo a casa Pd e sinistra!
Seguitemi tra poco in diretta!"
24989,Per fare una cosa del genere bisogna essere davvero dei VIGLIACCHI! Tutta la mia solidariet√† e un abbraccio a Danilo dei Giovani della Lega di Cassino.
24999,"Diamo voce e spazio al grido di dolore dei commercianti di Firenze: ""Siamo ostaggio di clandestini violenti, rapinatori, spacciatori, drogati"". E poi √® Salvini il cattivo..."
25064,"Inchiesta vergognosa: quanto costa ai cittadini italiani questa caccia alle streghe in termini di uomini, spreco di tempo e utilizzo di mezzi? Indagato perch√© ho difeso la sicurezza, i confini e la dignit√† del mio Paese, incredibile."
25097,"Ditemi voi se questa √® ‚Äúarte‚Äù o √® solo una porcata!
Roba da matti, il manifesto per fortuna √® stato rimosso dalla vetrina di un museo di Roma, ma l‚Äôautore meriterebbe due democratiche pedate nel sedere."
25119,Bimba felice con regaloüòä
25121,"Che bello viaggiare in compagnia di personcine educate!
E poi magari vanno in piazza per combattere odio, violenza e maleducazioneüòÇ"
25168,"Che tristezza. Se questo √® il modello di integrazione, altro che cittadinanze italiane in regalo come vorrebbe il PD... #NoIusSoli"
25202,Come perdere l‚Äôonore e la dignit√† per qualche poltrona insieme al Pd ü§ó
25210,"Roba da matti.
Cantare ‚ÄúBella Ciao‚Äù in chiesa una domenica sera, a Roma... Ma vi pare normale???"
25237,Si riparte direzione Roma! Speriamo di avere una vicina di volo educataüòâ
25263,"Mi sembra un'assurdit√† e una vergogna, credo che di questo si rendano conto milioni di italiani.
Per la mia coerenza rischio un processo, ma non rischio di perdere la dignit√†!
GRAZIE Amici, il sorriso non lo perdo. Vi voglio bene‚ù§Ô∏è"
25279,"Da quando sono segretario della Lega ho sempre promesso che una volta al governo avremmo bloccato gli sbarchi: l'ho fatto da ministro e, se gli Italiani mi sceglieranno ancora, lo rifar√≤. Punto.
Ecco la mia intervista su La7 con Myrta Merlino."
25286,"""Salvini √® un ignorante, chi sta con lui mi fa pena"".
Predicano tolleranza, ma solo per chi la pensa come loro.
Niente di nuovo: tipico atteggiamento da buonista di sinistra üòâ"
25324,"üî¥Se per tenermi la poltrona io dovessi dire che Conte e Di Maio sono dei SEQUESTRATORI di persona, delinquenti che meritano fino a 15 anni di carcere, io non lo farei.
Onore e dignit√† ormai li hanno perduti del tutto.
Ma io mi rallegro lo stesso, perch√© so che posso contare su di VOI, Amici."
25345,"Che Ges√π Bambino sia di pelle bianca o nera, per me fa lo stesso, l‚Äôimportante √® che asili e scuole abbiano un bel Presepe e festeggino il Santo Natale con tutti i bambini. 
Mi sembra invece strana l‚Äôassenza di Maria e Giuseppe, quasi Ges√π non avesse madre o padre, quasi che il concetto di ‚Äúfamiglia‚Äù desse fastidio a qualche radical chic di sinistra. 
Sui morti nel Mediterraneo infine, sono orgoglioso che durante i miei mesi da ministro il numero di annegati e dispersi si sia ridotto enormemente, grazie al controllo di partenze e sbarchi. 
Buon Santo Natale a tutti ricordando, come diceva San Giovanni Paolo II, che l‚ÄôEuropa √® cristiana!"
25356,"üî¥ Vergogna, incredibile vergogna!
La mia solidariet√† a tutti i bimbi, agli insegnanti e ai genitori a cui viene negato il bello del Natale, nel nome di un‚Äôinaccettabile sottomissione culturale e valoriale. 
Invier√≤ personalmente un presepe a questa preside, che evidentemente ha fallito nella sua missione educativa."
25363,"Buonasera Amici, questa sera torno dall'amico Mario Giordano, chi di voi ci sar√†?
Ci vediamo su Rete4, ore 21.30. Vi aspetto üòä"
25365,Cattive maestre. La sardine vi hanno proprio dato alla testa. Gi√π le mani dai bambini.
25386,Pronto al test delle urine e a quello del capello. Poi andiamo a provare coi vostri ü§£
25401,"La ""colpa"" di Matteo Salvini √® quella di aver difeso i nostri confini e di sostenere una linea molto chiara: in questo paese entra solo chi √® in regola. Per questo rischia 15 anni di carcere. Assurdo √® dire poco. Forza Matteo. #IoStoconSalvini"
25421,"OTTIMA NOTIZIA!
STOPPATO L'EMENDAMENTO CANNABIS. 
I RAGAZZI MERITANO SCUOLA E LAVORO E NON DROGA DI STATO

Ottima notizia la decisione della presidente Casellati di dichiarare l'inammissibilit√† dell'emendamento a firma Cirinn√†, Mantero e altri che avrebbe di fatto liberalizzato la cannabis. I nostri ragazzi devono avere scuola, lavoro, ricerca, opportunit√†, e non si meritano di restare chiusi in un cesso a fumare la droga di Stato."
25471,Ma quante balle racconta Di Maio sulla vicenda gregoretti? O mentiva allora o mente oggi... voi cosa dite?
25624,La deputata britannica De Lucy gliele canta al presidente del Parlamento europeo David Sassoli (PD). Da vedere.
25702,Vi spiego in tre minuti che cosa si nasconde dietro il continuo attacco della sinistra nei confronti della casa.
25821,"Bloccata in Senato la vergognosa norma sulla coltivazione e la distribuzione di ‚Äúdroga di Stato‚Äù.
NO allo Stato spacciatore, la battaglia della Lega non si fermer√† mai!"
25860,"‚ö† Sarei colpevole di reato di sequestro di persona aggravato per aver ""privato della libert√† personale 131 immigrati presenti sulla nave Gregoretti"". 
E la cosa pi√π grave √® che rischio fino a 15 ANNI di carcere. Ritengo che sia una vergogna che un ministro che ha difeso i confini del suo Paese possa essere processato per essersi occupato della sicurezza dei suoi cittadini.
L‚Äôho detto e lo ripeto: in Italia si entra solo se si ha il permesso di entrare."
25866,"La situazione economica √® terribile, c'√® la nebbia sull‚ÄôIlva e su Alitalia. C'√® una sistema bancario precario, c'√® l'edilizia e il mondo dell‚Äôauto fermi. 
E cosa fa il governo? Litiga sulla commissione banche, sull'autonomia, sulla prescrizione e non accetta alcun suggerimento.
Prima si vota meglio √®."
25870,"Il signor Bonafede √® coerentemente disastroso. 
Mentre con la sua ‚Äúriforma‚Äù si prepara a tenere sotto processo a vita milioni di Italiani, l‚Äôincapace ministro invoca il processo per Salvini. 
Condivido la richiesta avanzata dagli avvocati italiani: dimissioni!"
25891,"Rischio processo e galera per aver fatto da Ministro quanto promesso agli italiani sul blocco degli sbarchi?
Sono tutto fuorch√© impaurito, pi√π che altro stupito e incuriosito.
E orgoglioso di quello che ho fatto, alla faccia di chi rinnega idee e principi per tenersi (temporaneamente) qualche poltrona.
Avanti tutta!"
25900,"Vorrebbero cancellare il Decreto Sicurezza, vorrebbero impedire a chi fa politica di parlare in televisione, cercano fascisti e razzisti dove non ce ne sono, insultano il sottoscritto un giorno s√¨ e l‚Äôaltro pure.
Altro che ‚Äúdemocratici‚Äù, a me sembra un atteggiamento da censura!"
25923,"Chiarissima Giulia Bongiorno, da ascoltare!"
25940,"Che vi dicevo? Distrutta la figura paterna e demolita la figura materna, ora si attacca la famiglia, destinata ad essere sostituita con le ""comuni polimaterne"". Ma cosa fuma questa gente?"
25950,"Ma un guardasigilli che si esprime sul contenuto degli atti di un procedimento giudiziario (atti che lui oltretutto non conosce), sta tentando di orientare qualcuno? Come che sia, questo √® un abuso vergognoso."
25969,"La Lombardia non si piega alle lobby. Non si piega alle derive ideologiche. Non si piega all'utero in affitto, a genitore 1 e genitore 2, al gender nelle scuole. La Lombardia, governata dalla Lega, dice no alla visione politica che la sinistra porta avanti contro la famiglia, contro mamma e pap√†, contro la libert√† d'educazione. Oggi pi√π che mai, viva la Lombardia."
25990,Chiss√† chi mi capita oggi di fianco in treno..??üòâ
26013,"""Gioielliere condannato a 13 anni per essersi difeso da un furto? Poteva comprarsi un pulsante per chiamare i carabinieri.""
Roba da matti. E poi si chiedono perch√© la gente non li vota pi√π.
La difesa √® sempre legittima!"
26028,"""Bella Ciao"" la lascio a Gentiloni e commissari europei, pesciolini e pescioloni: io preferisco la Canzone del Piave: orgoglioso di avere difeso da Ministro i confini e la sicurezza della Patria che ci hanno lasciato i nostri nonni üáÆüáπ"
26033,"Lasciamo a loro odio e rancore, noi rispondiamo con il sorriso e la forza delle idee. üòä

(Fonte: Adnkronos)"
26039,"Emergenza rifiuti, ospedali senza medici e posti letto, case popolari  cadenti... 
Non vedo l‚Äôora di mandare a casa quegli incapaci di De Luca e De Magistris!"
26043,"Rischio processo e galera per aver protetto i confini della Patria. Sono sereno e la serenit√† mi √® data anche dall'affetto delle persone che incontro ogni giorno che mi esortano ad andare avanti, a filare dritto per difendere l'Italia."
26055,Pazzesca la folla a Bari!!!‚ù§
26067,"Pronto per tirare la sfoglia!
Chi di voi sta cucinando? üòä"
26070,"üî¥ Dopo gli operai dell‚ÄôIlva il governo abusivo lascer√† senza lavoro anche migliaia di lavoratori della Conad?
Siamo preoccupati perch√© dal Mise non arrivano buone notizie e non vorremmo che dopo l‚Äôacquisizione della catena francese sull‚Äôorlo del fallimento, che riporta in Italia la propriet√† di un settore importante, l‚Äôincapacit√† del governo mettesse a rischio i posti di lavoro.
La Lega segue la vicenda ed √® vicina alle migliaia di dipendenti e alle loro famiglie."
26075,"üî¥ ‚Äú√à ora di attaccare la Nazione stessa, non me ne frega niente, pezzi di merda‚Äù.
Sputi, insulti e sfregi alle auto dei Carabinieri di Napoli, e questo genio se ne vanta pure.....
E se un giorno si trova in difficolt√† chi chiama? La fata turchina?
Roba da matti.
P.s. Qualche mese di servizio militare o civile non avrebbero fatto male a questo vigliacco, sbaglio???"
26085,"‚≠ïÔ∏è Roba da matti.
Questa mattina a Bologna, alcuni anarchici hanno accerchiato il banchetto della Lega, intimidendo chi cercava di avvicinarsi e distribuendo volantini minatori.
E loro sarebbero quelli ‚Äúaperti e democratici‚Äù...
Alla loro violenza risponderanno le nostre idee e il voto, quello s√¨ democratico, di milioni di emiliani e romagnoli il prossimo 26 gennaio. 
Grazie a tutti quelli non mollano e continuano a portare avanti le idee della Lega, pacificamente e senza rancore.
Avanti tutta, senza fermarsi!
#26gennaiovotoLega"
26097,"Fioramonti, da ministro dovresti pensare a garantire ai nostri ragazzi scuole efficienti, sicure e pulite. Non blaterare di cannabis per tutti. Ma come si fa? Che brutto messaggio per i giovani. Rifletta sul ruolo che ricopre attualmente e si vergogni."
26140,"La Nativit√† nella Basilica di San Petronio qui a Bologna: luogo stupendo ed emozionante. Incredibile ci sia qualcuno che si vergogna di tutto questo, guai a chi vorrebbe toglierci l‚Äôorgoglio della nostra Storia e delle nostre radici. 
#VivailNatale"
26147,Selfie natalizio con il presidente Conte ü§• Auguri presidenziali.
26152,"L'Italia √® la capitale mondiale del volontariato, e chi scappa veramente dalla guerra √® il benvenuto.
Ma se arrivi nel nostro Paese e non ti va bene il presepe o il cibo te ne torni da dove sei venuto, perch√© non dobbiamo essere noi a cambiare la nostra cultura e le nostre tradizioni. Punto.
Ecco la mia intervista con Massimo Giletti, buon pranzo Amici."
26199,"In arrivo ad Aosta, dove dopo scandali e indagini √® ora di restituire onore e dignit√† ai cittadini e alla regione. Non si pu√≤ aspettare, la Lega √® pronta: #elezionisubito
Seguiteci tra poco in diretta."
26287,"Anche oggi migliaia di Sardine in piazza San Giovanni, a Roma. Le piazze italiane sono sempre pi√π piene: la voglia di libert√† e democrazia sconfigge la retorica dell'odio.  #Romanonsilega"
26363,"Stamani anche gli studenti dell'istituto tecnico agrario Garibaldi di Roma sono venuti a trovarci al Ministero per gli auguri di Natale ed ho voluto che salissero con me nei miei uffici: il Ministero del resto √® la loro casa, come cittadini e come futuri agricoltori. Questi ragazzi giovanissimi e pieni di entusiasmo vanno ascoltati con attenzione, e appena possibile voglio andare a trovarli a scuola. Insieme, possiamo capire come aiutarli al meglio nella loro formazione e nell'acquisizione delle competenze che presto metteranno a frutto per aiutarci a sviluppare  l'agricoltura del futuro."
26367,"Noi siamo garantisti sempre, non solo con gli amici. Su Salvini leggeremo i documenti e sulla base di quelli decideremo."
26413,"L'origine delle materie prime in etichetta deve essere obbligatoria per tutti gli alimenti, anche in Europa. L'ho ribadito durante il mio intervento di oggi al Consiglio dei Ministri di Agricoltura e Pesca. Trasparenza e informazione sono un diritto dei cittadini. Per questo insieme ai colleghi di Francia, Spagna, Portogallo e Grecia abbiamo chiesto alla Commissione Ue di rafforzare la legge europea sull'etichettatura. E credo sia positivo che molti Stati Membri abbiano concordato con la nostra posizione. Non c'√® tempo da perdere. L'etichettatura non pu√≤ essere facoltativa e la sperimentazione che √® in corso in molti Paesi su latte, formaggi, carni trasformate, pasta, riso, pomodori, non pu√≤ concludersi. Lavoriamo insieme rapidamente, affinch√® anche su questi prodotti ci sia l'obbligo di indicare l‚Äôorigine della materia prima. Per introdurre questa norma, che √® una norma di buonsenso, non √® certo il caso di attendere un nuovo scandalo alimentare.
Inoltre, il sistema di etichettatura deve essere completo e dare informazioni nutrizionali corrette. I sistemi di etichettatura con bollini rossi non ci piacciono, discriminano tanti prodotti della dieta mediterranea.  Come possiamo dire di promuovere la qualit√† dei territori con le DOP e IGP, se poi sulla confezione insieme al marchio di qualit√† europeo si trova un bollino rosso di bocciatura? Non √® accettabile. 
In Italia stiamo completando la sperimentazione di un sistema a batteria che dica al consumatore quale percentuale di fabbisogno giornaliero degli elementi nutritivi ha raggiunto. Dobbiamo guardare allo stile alimentare, a un equilibrio per le diete sane. E l'Italia, che insieme al Giappone √® uno dei Paesi con la maggiore longevit√† al mondo, ha qualcosa da dire sulla materia."
26465,"Che squadra questa di Italia Viva!
Tanti auguri di buone feste a tutti voi üíô"
26531,"In occasione del Natale, ho voluto fare ai dipendenti del Ministero gli auguri di persona, per ringraziarli dell'impegno che mettono ogni giorno nel loro lavoro. La Pubblica Amministrazione √® spesso rappresentata come pesante, elefantiaca. Ma io ho trovato sempre persone appassionate e competenti, che hanno un forte senso dello Stato e lavorano per il Paese e per i cittadini. E allora siamo pronti a goderci questo Natale e recuperare le forze per impegnarci ancor di pi√π e meglio per sostenere il futuro del nostro Paese."
26654,Buona domenica  #preparativipernatale ‚ú®
26685,"Ecco chi diffonde davvero l‚Äôodio oggi! Santoro paragona Giorgia Meloni a Hitler (a Hitler!). E nessuno si scandalizza, che schifo."
26732,√à successo anche a voi??? #treno #Napoli #milano
26776,Finito adesso si torna a casa e domani √® sabato! Buonanotte amici #riposo #casa #amore
26788,"Dichiarato inammissibile l'emendamento-imbroglio che sfruttava la legge di Stabilit√† per reintrodurre la CannabisLight e il Governo si straccia le vesti. Io esulto. 
No alla droga e ai suoi surrogati sempre!"
26810,"Annullare la messa di Natale ‚Äúper rispetto delle minoranze‚Äù √® un‚Äôidiozia e non solo perch√© non rispetta le nostre tradizioni cristiane, ma soprattutto perch√© impedisce a chi vuole integrarsi di conoscerci. 
La nostra cultura non offende!"
26923,"Ci mancava la ‚Äúsardina‚Äù musulmana col marito che inneggia ad Hamas, organizzazione terroristica che vuol distruggere Israele. Le Sardine sono la faccia peggiore della sinistra!"
26944,"Certo che schifosi sessisti questi uomini di destra... Ah no scusate √® Vauro su Giorgia Meloni, va tutto bene."
26979,"Nonostante le giornate di lavoro infinite e la stanchezza, faccio di tutto per non saltare i miei allenamenti.
Grazie @annarivieri per gli allenamenti sempre sfidanti."
27013,Buonanotte amici e grazie a chi mi ha seguito a #nonelarena ‚ù§Ô∏è
27034,Cena di gruppo per dimenticare questa vergognosa finanziaria #fratelliditalia #giorgiameloni
27051,"Politici, giornalisti, professori e intellettuali vari. Ormai la sinistra in totale subbuglio per la loro incapacit√† di visione e di proposte per la Nazione, passa il suo tempo a insultarmi pesantemente. Questa volta tocca a Michele Santoro che mi paragona a Hitler. A volte mi chiedo se siano coscienti di quello che dicono oppure se lo fanno solo per nascondere la loro inadeguatezza nel dare risposte ai problemi reali degli italiani. Ai loro insulti, noi rispondiamo lavorando ancora di pi√π per il bene dell‚ÄôItalia."
27091,"Quello che non mi √® chiaro della simpatica ragazza nel video √®: perch√© se tu sei fiera di essere islamica, io non posso esserlo di dirmi cristiana?"
27147,"Come la sardina in piazza si dice fiera di essere musulmana, io sono fiera di definirmi cristiana. L'unica differenza sta nell'ipocrisia di certa sinistra che passa il tempo a insultare me perch√© si vergogna della nostra cultura e delle nostre tradizioni."
27171,Il sindaco Raggi rimuova IMMEDIATAMENTE questo schifo esposto al Museo di arte contemporanea di Roma. Non riesco a capacitarmi di come qualcuno abbia potuto autorizzare uno scempio di questa gravit√† all'interno di un museo comunale della Citt√† Eterna. Questa vergogna deve sparire subito e i responsabili siano sanzionati.
27217,"Non trovo parole per descrivere lo schifo contenuto in questo video. Spero solo che per questo miserabile che sale sulle vetture dei Carabinieri, sputando e gettandoci birra sopra, ci sia una pena esemplare. Magari cos√¨ gli passa la voglia di fare il buffone oltraggiando lo Stato e le Forze dell'Ordine."
27262,"Nel retroscena fornito dal Corriere della Sera sull‚Äôincontro a Roma con Casaleggio, le parole di Grillo fanno gettare la maschera al M5S: altro che alleanza di Governo per il bene della Nazione, sono incollati alle poltrone consapevoli di andare a casa in caso di elezioni. Tranquillo Beppe, potete rimandare la vostra sconfitta, ma arriver√† presto il giorno in cui dovrete presentarvi al cospetto degli italiani. E quel giorno il popolo italiano vi ripagher√† per tutti i vostri tradimenti üòâ"
27268,"Le sardine sono un movimento spontaneo, apolitico... e quello in foto non √® Nichi Vendola."
27292,"√à normale che venga considerata ""una violenza inaudita"" chiedere di fare il Presepe nelle scuole? Mi aspetto da tutti coloro che considerano una minaccia le nostre tradizioni che siano coerenti e il 25 dicembre vadano a lavorare!"
27314,"L'ok di Di Maio all'autorizzazione a procedere contro Salvini per sequestro di persona mostra la vera natura ""bifronte"" del M5S, capace di voltare le spalle ad ex alleati ed elettori a seconda della convenienza. Ecco perch√© Fratelli d'Italia non vorr√† mai avere nulla a che fare con questa gente!"
27336,Di Maio alla ricerca del patto della sardina. Qualcuno gli spieghi che era gi√† incluso nel patto della poltrona col PD.
27351,"SCANDALOSO! Di Maio sta usando le istituzioni per ripicche personali. 
Per Fratelli d'Italia gli unici che dovrebbero essere indagati sono quei ministri che per anni hanno fatto favoreggiamento dell'immigrazione clandestina!"
27424,"Don Albino Bizzotto non ha detto una parola su Bibbiano e ci viene a fare la morale sui rom; questa io la chiamo ideologia. E voi?

#DrittoeRovescio"
27483,Per chi non dorme all‚Äôuna sar√≤ su #radiodeejay ‚ù§Ô∏è
27502,"‚ÄúFatela tacere, scimmia. Tanto ne sfornano uno all‚Äôanno‚Äù. A Sondrio una donna nigeriana derisa in ospedale perch√© urlava per la morte della figlia di soli cinque mesi. Da madre non posso che provare profondo disprezzo per chi √® cos√¨ infame da insultare una donna straziata dal dolore pi√π atroce che un essere umano possa provare. Non ho parole, che schifo."
27507,"La satira √® sempre legittima e sacrosanta, ma tentare di ridicolizzare uno scandalo che ha rovinato la vita di tanti genitori e bambini, per il semplice gusto di attaccarmi, √® veramente qualcosa di ripugnante. Che pena."
27529,"Dopo aver proposto l'incredibile stanziamento di quasi mezzo milione di euro per finanziare il centenario del PCI, ora Pd e M5S vogliono farlo diventare anche anniversario nazionale. La nascita del Partito comunista come l'Unit√† d'Italia! Ecco le priorit√† di questo Governo..."
27540,"Le sardine riunite in uno stabile occupato con lo slogan: ‚ÄúViva le sardine, abbasso gli sgombri‚Äù. La solita storia, secondo questa gente la sinistra pu√≤ violare la legge come meglio crede: per occupare immobili, per far entrare immigrati illegali, per distribuire hashish e per impedire agli avversari politici di manifestare. Noi preferiamo stare dalla parte della legalit√†."
27543,Metto il casco e si parte!!
27688,Che farsa il voto sulla piattaforma Rousseau: con una manciata di voti hanno finto di far scegliere agli elettori i ‚Äúneo-assunti‚Äù dal Movimento. Una cosa patetica. A questi bisogna spiegare cos‚Äô√® la democrazia.
27706,"E anche questa volta le promesse del M5S vengono meno. A rimetterci sempre gli italiani perbene che fanno sacrifici per andare avanti, mentre ex brigatisti e condannati vari vengono coccolati dal Governo pentapiddino."
27727,"Una piazza spettacolare, ma non limitiamoci a ringraziare queste persone. 

Ascoltiamo bene quello che ci stanno dicendo, non deludiamoli! 

#RomaNonSiLega"
27778,Seguitemi in diretta da Firenze!
27790,"Istruite ad aggirare la legge, fin da piccole ci deridono. Non temono la Giustizia che le lascia impunite. Se io non mando a scuola mio figlio minorenne mi viene tolto, alle rom non succede, anzi grazie ai bimbi escono di galera.

#TolleranzaZero"
27802,"L‚ÄôEurabia che aveva profetizzato Oriana Fallaci √® gi√† in atto? Ne parler√≤ domani a Codogno (Lodi), vi aspetto!"
27806,"¬´√à proprio un Paese di handicappati l'Italia. Per√≤ √® un paradiso per gli zingari¬ª ‚Ä¨
‚Ä™Ecco cosa si dicevano i Rom arrestati per organizzare borseggi nella metro di Milano. ‚Ä¨
‚Ä™Subito in galera e buttare via la chiave! ‚Ä¨#TolleranzaZero"
27829,"Dispiace che il piddino Gianni Cuperlo commenti le mie affermazioni sul MES senza conoscere la materia di cui parla. Con la riforma prevista, le banche ‚Äúsistemiche‚Äù possono accedere direttamente al fondo salva Stati senza il coinvolgimento del proprio Stato, esattamente ci√≤ che serve alle banche tedesche in difficolt√† per essere salvate con i soldi (anche) degli italiani. Cari esponenti del PD, studiate prima di pontificare, cos√¨ evitate figuracce.

https://www.wallstreetitalia.com/riforma-mes-banche/"
29048,"Non √® la prima volta che si verifica un incidente sulla metro a Milano. I precedenti sono tanti, ormai non si pu√≤ pi√π parlare di casualit√†.
Troppi incidenti e scarsa sicurezza, Beppe Sala ci sei?"
29126,Elfo in azione nell‚Äôufficio postale di Babbo Nataleüå≤
29132,"ROBA DA MATTI!!!üò≥üò≥üò≥
Ricordate il ‚Äúsignore‚Äù che dirott√≤ un autobus pieno di bambini, dandolo poi alle fiamme? Oggi dice al giudice che √® #colpadiSalvini, accusandomi di ‚Äúcrimini contro l‚Äôumanit√† e GENOCIDIO‚Äù, insultando poi l‚ÄôItalia e inneggiando all‚ÄôAfrica...
Aspetto i dotti commenti di giornaloni, intellettualoni e sinistri vari, come minimo qualcuno dar√† ragione a questo delinquente, scommettiamo?"
29157,"Ecco il ""metodo Ropa"". Per la modica cifra di 5.000 euro, permette a due donne di avere figli biologicamente legati con entrambe. Praticamente una fornisce l'ovulo, l'altra lo porta in grembo fino alla nascita. Esito? Un prodotto reso orfano di padre alla nascita. Ma dove arriveremo?"
29168,"Ora su Rai Tre dalla Berlinguer, chi c‚Äô√®?"
29169,"üò≥ DATE UN‚ÄôOCCHIATA QUI üò≥
Il prete toscano che adora bagnetti in piscina, scatenati balli africani in canonica e canta ‚ÄúBella Ciao‚Äù a Messa stipa centinaia di presunti profughi come sardine in uno stanzone, con la ‚Äúbenedizione‚Äù dei soliti sinistri.
I cittadini di Vicofaro lamentano scene moleste ad ogni ora del giorno e della notte, compresi rapporti sessuali consumati sul cofano delle automobili.
Complimenti per il modello di integrazione!"
29195,"Traffico di droga, traffico di esseri umani, schiavismo sessuale: decine di arresti, sgominata banda della mafia nigeriana. Sopralluogo della Lega al Centro immigrati di Bari. Intanto il governo che fa? Apre i porti...
Segui in diretta."
29198,"‚ö† FOLLIA! Con la riforma del MES (il fondo ""TAGLIA-STATI"") si rischierebbe la CONFISCA notturna dai conti correnti italiani.
Roba da matti. 
Distruggere i risparmi degli italiani per salvare le banche tedesche?
No, grazie. #stopMES"
29222,"Gli ultimi quattro bambini le cui storie erano state raccontate nelle carte della procura sull'inchiesta ""Angeli e Demoni"" hanno iniziato il percorso per tornare a riabbracciare i propri genitori. #ParlateciDiBibbiano"
